n,t
1,0.000000110
33,0.000004690
65,0.000014890
97,0.000028300
129,0.000048031
161,0.000072601
193,0.000107561
225,0.000145302
257,0.000186872
289,0.000221662
321,0.000303383
353,0.000372214
385,0.000415384
417,0.000471945
449,0.000568016
481,0.000659327
513,0.000752658
545,0.000864140
577,0.000962761
609,0.001045251
641,0.001315214
673,0.001467846
705,0.001398515
737,0.001505666
769,0.001357695
801,0.001277064
833,0.001438106
865,0.001361905
897,0.001301755
929,0.001431946
961,0.001522487
993,0.001628308
1025,0.001739999
1057,0.001858221
1089,0.001968762
1121,0.002155054
1153,0.002197474
1185,0.002300236
1217,0.002414987
1249,0.002607259
1281,0.002712800
1313,0.002837582
1345,0.002969462
1377,0.003133884
1409,0.003251925
1441,0.003379897
1473,0.003525869
1505,0.003662631
1537,0.003817742
1569,0.003983954
1601,0.004195696
1633,0.004354847
1665,0.004584719
1697,0.004806633
1729,0.004967684
1761,0.005097326
1793,0.005331419
1825,0.005477840
1857,0.005692983
1889,0.005983305
1921,0.006139438
1953,0.006398361
1985,0.006637623
2017,0.006773654
2049,0.007043617
2081,0.007228149
2113,0.007500443
2145,0.007676114
2177,0.007907467
2209,0.008149719
2241,0.008422922
2273,0.008667096
2305,0.008890357
2337,0.009300072
2369,0.009470563
2401,0.009685167
2433,0.010083720
2465,0.010400074
2497,0.012058063
2529,0.010883509
2561,0.011011141
2593,0.011262143
2625,0.011520417
2657,0.011873361
2689,0.012026572
2721,0.012276495
2753,0.012631339
2785,0.012988402
2817,0.013198885
2849,0.013524168
2881,0.013838422
2913,0.014067545
2945,0.014399179
2977,0.014720461
3009,0.015066416
3041,0.015383659
3073,0.015708922
3105,0.016007936
3137,0.016504540
3169,0.016852175
3201,0.017186139
3233,0.017507092
3265,0.018019137
3297,0.018307931
3329,0.018393703
3361,0.018737056
3393,0.019153389
3425,0.019742967
3457,0.020089561
3489,0.020170612
3521,0.020865188
3553,0.021306484
3585,0.021657568
3617,0.022050532
3649,0.022214924
3681,0.022666399
3713,0.022856671
3745,0.023502687
3777,0.023777862
3809,0.024020634
3841,0.024724161
3873,0.024918804
3905,0.025246138
3937,0.025543080
3969,0.026424350
4001,0.027623994
4033,0.026888144
4065,0.027281910
4097,0.027634134
4129,0.027867735
4161,0.028401032
4193,0.028987617
4225,0.029471163
4257,0.029956369
4289,0.030566865
4321,0.030944520
4353,0.031779369
4385,0.032848611
4417,0.033238285
4449,0.033378206
4481,0.036165247
4513,0.034085244
4545,0.035206717
4577,0.035705362
4609,0.036045056
4641,0.036550911
4673,0.037142728
4705,0.037601392
4737,0.038068999
4769,0.038640774
4801,0.039078219
4833,0.039552133
4865,0.040026880
4897,0.040575785
4929,0.040943240
4961,0.041588236
4993,0.042114813
5025,0.042416386
5057,0.043860342
5089,0.044270545
5121,0.043985333
5153,0.044386497
5185,0.046309978
5217,0.046042656
5249,0.046401170
5281,0.046721893
5313,0.047166557
5345,0.047273929
5377,0.047214239
5409,0.047909915
5441,0.048394892
5473,0.048842176
5505,0.049722176
5537,0.050767528
5569,0.051238943
5601,0.051861149
5633,0.052351695
5665,0.052886180
5697,0.053601698
5729,0.054433418
5761,0.054751691
5793,0.054710380
5825,0.055754582
5857,0.056876065
5889,0.056933705
5921,0.057230708
5953,0.058052438
5985,0.058065797
6017,0.059135959
6049,0.059493063
6081,0.060169081
6113,0.061510025
6145,0.061296903
6177,0.061922040
6209,0.062618448
6241,0.062990643
6273,0.064387637
6305,0.064999514
6337,0.065464138
6369,0.066290968
6401,0.067007057
6433,0.068135488
6465,0.068823686
6497,0.069768266
6529,0.070389972
6561,0.071365174
6593,0.072057301
6625,0.071964110
6657,0.072838189
6689,0.073433727
6721,0.073779010
6753,0.075639960
6785,0.076208217
6817,0.076585561
6849,0.077737974
6881,0.079462333
6913,0.079893257
6945,0.080945429
6977,0.081493295
7009,0.082084741
7041,0.082965471
7073,0.084217895
7105,0.084508408
7137,0.085365787
7169,0.086446119
7201,0.087382680
7233,0.087933625
7265,0.087420630
7297,0.087886276
7329,0.088770525
7361,0.089574543
7393,0.090210430
7425,0.090929189
7457,0.092247373
7489,0.092909160
7521,0.093848120
7553,0.094590348
7585,0.095239066
7617,0.096688371
7649,0.097601532
7681,0.098360161
7713,0.099242150
7745,0.100975978
7777,0.101763447
7809,0.102052731
7841,0.102198002
7873,0.103504266
7905,0.104648089
7937,0.104951222
7969,0.105794442
8001,0.106565279
8033,0.107449680
8065,0.108558202
8097,0.109360220
8129,0.110542284
8161,0.111082280
8193,0.112115910
8225,0.114358776
8257,0.115515439
8289,0.116003283
8321,0.117242048
8353,0.120292051
8385,0.120550143
8417,0.119580724
8449,0.120479223
8481,0.122102711
8513,0.123340364
8545,0.124467336
8577,0.124994253
8609,0.125727960
8641,0.126682292
8673,0.127877414
8705,0.128795755
8737,0.131110769
8769,0.128250559
8801,0.128419719
8833,0.129421791
8865,0.131473453
8897,0.131758227
8929,0.132232331
8961,0.134099134
8993,0.136654820
9025,0.136901704
9057,0.137502760
9089,0.138183417
9121,0.138756064
9153,0.140130579
9185,0.140176390
9217,0.141373732
9249,0.143323045
9281,0.144877031
9313,0.146994324
9345,0.147670842
9377,0.148467250
9409,0.149684794
9441,0.149400341
9473,0.150706214
9505,0.152065119
9537,0.152546496
9569,0.152656096
9601,0.152656956
9633,0.153931731
9665,0.156753891
9697,0.158445659
9729,0.158108896
9761,0.159838436
9793,0.161927138
9825,0.182898318
9857,0.162325182
9889,0.163475765
9921,0.164302965
9953,0.166329096
9985,0.166259986
10017,0.168067816
10049,0.170488643
10081,0.170896118
10113,0.171328202
10145,0.171990029
10177,0.173095751
10209,0.174070041
10241,0.174177182
10273,0.175056643
10305,0.175002432
10337,0.176744880
10369,0.176976943
10401,0.178918175
10433,0.182945049
10465,0.185141573
10497,0.186856202
10529,0.188004645
10561,0.189328770
10593,0.187501009
10625,0.188376288
10657,0.189026776
10689,0.190327520
10721,0.191590184
10753,0.194224453
10785,0.195469147
10817,0.195822550
10849,0.197342537
10881,0.198884335
10913,0.198104125
10945,0.200037587
10977,0.200523522
11009,0.202971030
11041,0.203701097
11073,0.205066602
11105,0.206144074
11137,0.206384677
11169,0.207673041
11201,0.208642041
11233,0.210685043
11265,0.211771325
11297,0.213014370
11329,0.214228203
11361,0.216150524
11393,0.217490908
11425,0.218433849
11457,0.220128848
11489,0.222716976
11521,0.224873210
11553,0.223319632
11585,0.224243573
11617,0.224749639
11649,0.226585169
11681,0.229013386
11713,0.229834564
11745,0.230726284
11777,0.231896317
11809,0.233271052
11841,0.234479455
11873,0.236255255
11905,0.237127185
11937,0.238177946
11969,0.240900696
12001,0.241935528
12033,0.243667857
12065,0.244812829
12097,0.244758319
12129,0.245865379
12161,0.247413927
12193,0.248652802
12225,0.250691743
12257,0.252487553
12289,0.253831497
12321,0.256823501
12353,0.256900972
12385,0.254468996
12417,0.256233355
12449,0.257215664
12481,0.259036665
12513,0.260769724
12545,0.261313150
12577,0.263574026
12609,0.264498695
12641,0.265832470
12673,0.266885162
12705,0.265718948
12737,0.267417347
12769,0.268446588
12801,0.268858333
12833,0.272206500
12865,0.272101109
12897,0.273298932
12929,0.274542156
12961,0.279357797
12993,0.280681874
13025,0.288512020
13057,0.285608757
13089,0.289222726
13121,0.289918934
13153,0.290208938
13185,0.289664832
13217,0.290354209
13249,0.292131379
13281,0.295049621
13313,0.292094719
13345,0.294705838
13377,0.302775655
13409,0.304432305
13441,0.305247104
13473,0.306123973
13505,0.305419624
13537,0.306727060
13569,0.308843882
13601,0.310067486
13633,0.312410002
13665,0.313795546
13697,0.316517768
13729,0.319491079
13761,0.318803522
13793,0.318714371
13825,0.324756557
13857,0.329225377
13889,0.320508611
13921,0.324535175
13953,0.331021966
13985,0.331129228
14017,0.331134167
14049,0.335063451
14081,0.338469919
14113,0.335944811
14145,0.338867802
14177,0.341207828
14209,0.341035897
14241,0.339465759
14273,0.345390684
14305,0.351089627
14337,0.346566126
14369,0.352652444
14401,0.354244282
14433,0.356117662
14465,0.358031623
14497,0.355907530
14529,0.351813575
14561,0.354870748
14593,0.356270084
14625,0.358605749
14657,0.357452677
14689,0.359871113
14721,0.364896639
14753,0.366985651
14785,0.368430158
14817,0.372979248
14849,0.372117148
14881,0.375892969
14913,0.375896670
14945,0.373640085
14977,0.376540917
15009,0.377754850
15041,0.379289267
15073,0.378426608
15105,0.378964083
15137,0.381370070
15169,0.382222159
15201,0.389515950
15233,0.388670951
15265,0.389711752
15297,0.391889055
15329,0.395397335
15361,0.396422175
15393,0.395183322
15425,0.398175844
15457,0.402949327
15489,0.411402860
15521,0.409598891
15553,0.404766487
15585,0.404821017
15617,0.406544168
15649,0.404817018
15681,0.406128202
15713,0.419317557
15745,0.421782265
15777,0.423714795
15809,0.421228638
15841,0.423267281
15873,0.423577493
15905,0.425465435
15937,0.424022029
15969,0.425539876
16001,0.426707468
16033,0.429433208
16065,0.430954846
16097,0.432314970
16129,0.433343282
16161,0.439945545
16193,0.435635067
16225,0.436805510
16257,0.443815996
16289,0.445267834
16321,0.443102589
16353,0.445403134
16385,0.451389881
16417,0.452338341
16449,0.447075172
16481,0.448530579
16513,0.450601931
16545,0.453651995
16577,0.454663576
16609,0.463574663
16641,0.460198347
16673,0.456468487
16705,0.460711743
16737,0.465246333
16769,0.466951082
16801,0.471007116
16833,0.472067997
16865,0.472049027
16897,0.490114416
16929,0.486851700
16961,0.477483847
16993,0.478679010
17025,0.483441863
17057,0.483590874
17089,0.488715102
17121,0.491722614
17153,0.493513903
17185,0.493991418
17217,0.492537033
17249,0.497432896
17281,0.498838162
17313,0.505967801
17345,0.510447870
17377,0.511915446
17409,0.508471358
17441,0.511177678
17473,0.512803176
17505,0.513050818
17537,0.511833846
17569,0.507752751
17601,0.512162858
17633,0.514880529
17665,0.514411724
17697,0.516421995
17729,0.522169299
17761,0.523081689
17793,0.526183784
17825,0.532085878
17857,0.534628566
17889,0.531096086
17921,0.531583723
17953,0.534336073
17985,0.534972011
18017,0.541132397
18049,0.544864740
18081,0.543726696
18113,0.544662426
18145,0.545268163
18177,0.546802910
18209,0.547764172
18241,0.555436535
18273,0.561287679
18305,0.562252551
18337,0.566979642
18369,0.574286802
18401,0.569277618
18433,0.577880833
18465,0.576417006
18497,0.578376458
18529,0.577595498
18561,0.579610851
18593,0.580522461
18625,0.580721233
18657,0.588156814
18689,0.595028930
18721,0.584473885
18753,0.590561722
18785,0.590654183
18817,0.593474004
18849,0.593987490
18881,0.590249748
18913,0.602964409
18945,0.604510085
18977,0.605303403
19009,0.613577714
19041,0.616578528
19073,0.610974086
19105,0.597679101
19137,0.598639911
19169,0.599185517
19201,0.607967543
19233,0.602908579
19265,0.620207938
19297,0.620903456
19329,0.617099674
19361,0.627603639
19393,0.621801806
19425,0.613371673
19457,0.615131652
19489,0.613421963
19521,0.614667267
19553,0.630868846
19585,0.635523067
19617,0.638257267
19649,0.643599615
19681,0.642530235
19713,0.635167743
19745,0.639704623
19777,0.648612262
19809,0.652611694
19841,0.650326780
19873,0.652432123
19905,0.655564277
19937,0.653729737
19969,0.653025870
20001,0.663202322
20033,0.655368275
20065,0.662246251
20097,0.668842604
20129,0.669762343
20161,0.669220608
20193,0.670230069
20225,0.678242927
20257,0.681606675
20289,0.677661460
20321,0.678932045
20353,0.675887562
20385,0.683991400
20417,0.693186972
20449,0.686919123
20481,0.705223725
20513,0.694657507
20545,0.698061595
20577,0.702817964
20609,0.704246772
20641,0.711142439
20673,0.713418075
20705,0.702450731
20737,0.719009961
20769,0.713234440
20801,0.722233548
20833,0.729873380
20865,0.726056073
20897,0.726126013
20929,0.718835564
20961,0.719000094
20993,0.719981766
21025,0.718193604
21057,0.731289030
21089,0.741182250
21121,0.724584318
21153,0.743419185
21185,0.737202169
21217,0.750181665
21249,0.753925429
21281,0.754159051
21313,0.749611665
21345,0.740402303
21377,0.742759740
21409,0.737516876
21441,0.757275364
21473,0.764509871
21505,0.763620239
21537,0.767969271
21569,0.761618092
21601,0.766600513
21633,0.769574826
21665,0.787833527
21697,0.766603269
21729,0.782284348
21761,0.776812741
21793,0.776216362
21825,0.783935585
21857,0.778391066
21889,0.786893978
21921,0.792695917
21953,0.795616212
21985,0.798732958
22017,0.788170989
22049,0.793646005
22081,0.799213820
22113,0.800739698
22145,0.805690436
22177,0.802549958
22209,0.813331077
22241,0.805413280
22273,0.810719094
22305,0.820721583
22337,0.816469121
22369,0.843777409
22401,0.823374742
22433,0.822166286
22465,0.841276085
22497,0.828269086
22529,0.819017985
22561,0.831676466
22593,0.853300246
22625,0.854158114
22657,0.853115670
22689,0.867130698
22721,0.863607485
22753,0.873451933
22785,0.856560798
22817,0.847084993
22849,0.837995580
22881,0.845728223
22913,0.857180330
22945,0.869072412
22977,0.873407734
23009,0.865469207
23041,0.891525259
23073,0.893260469
23105,0.897085284
23137,0.903218836
23169,0.911026719
23201,0.905529841
23233,0.901548712
23265,0.901488860
23297,0.880565207
23329,0.917270878
23361,0.894165288
23393,0.883566169
23425,0.888445096
23457,0.895365359
23489,0.896453060
23521,0.885282105
23553,0.904760548
23585,0.909030658
23617,0.905392673
23649,0.928161335
23681,0.918084623
23713,0.932645856
23745,0.940088435
23777,0.944465135
23809,0.935083132
23841,0.930845089
23873,0.927419537
23905,0.922328134
23937,0.929634431
23969,0.974035172
24001,0.974509266
24033,0.974718518
24065,0.979938389
24097,0.942419167
24129,0.964214097
24161,0.964472919
24193,0.961464612
24225,0.958888950
24257,0.969277012
24289,0.971743111
24321,0.993142635
24353,0.988589349
24385,1.004187945
24417,1.014691789
24449,1.003778597
24481,1.021482198
24513,1.010212042
24545,0.985966009
24577,0.980410072
24609,0.993016411
24641,1.019710799
24673,1.021340946
24705,1.017491680
24737,0.991810040
24769,1.022997722
24801,0.985725225
24833,1.002969680
24865,1.016290888
24897,1.008501953
24929,1.026958682
24961,1.030748605
24993,1.029352548
25025,1.028385805
25057,1.037232039
25089,1.005552259
25121,1.014099819
25153,1.010424633
25185,1.016186272
25217,1.026275830
25249,1.019346126
25281,1.021998837
25313,1.041002242
25345,1.026356725
25377,1.039591422
25409,1.037368344
25441,1.037144969
25473,1.041322658
25505,1.046164684
25537,1.046843061
25569,1.049160937
25601,1.045015186
25633,1.065599220
25665,1.083339380
25697,1.067070324
25729,1.073092384
25761,1.078615998
25793,1.066353001
25825,1.067400501
25857,1.065705490
25889,1.085068390
25921,1.081506325
25953,1.077249182
25985,1.105772262
26017,1.088690666
26049,1.093165647
26081,1.086332295
26113,1.087095042
26145,1.096239838
26177,1.101702713
26209,1.104661187
26241,1.097963775
26273,1.109864945
26305,1.114336927
26337,1.106602673
26369,1.114137501
26401,1.114198310
26433,1.124489200
26465,1.114926755
26497,1.162982765
26529,1.157461477
26561,1.148251866
26593,1.155776515
26625,1.142005468
26657,1.139933752
26689,1.183650130
26721,1.197327191
26753,1.204986599
26785,1.181609110
26817,1.171026893
26849,1.159560715
26881,1.159826066
26913,1.165306360
26945,1.156835967
26977,1.173476123
27009,1.174935559
27041,1.217553692
27073,1.223026506
27105,1.239805463
27137,1.221549654
27169,1.256824451
27201,1.219021711
27233,1.224577335
27265,1.194876541
27297,1.194150089
27329,1.210473622
27361,1.217552883
27393,1.198862751
27425,1.223119865
27457,1.218494560
27489,1.234025452
27521,1.243805065
27553,1.231366307
27585,1.253315044
27617,1.247502254
27649,1.244603038
27681,1.244313302
27713,1.239629926
27745,1.238356458
27777,1.244369727
27809,1.253624955
27841,1.247051146
27873,1.271820316
27905,1.258563298
27937,1.251629764
27969,1.264175410
28001,1.270436222
28033,1.258016384
28065,1.252182843
28097,1.271648591
28129,1.284958416
28161,1.304526566
28193,1.290490918
28225,1.290448206
28257,1.299023414
28289,1.327695291
28321,1.314295171
28353,1.319110106
28385,1.327423632
28417,1.311278630
28449,1.323509111
28481,1.324679443
28513,1.325341910
28545,1.312832781
28577,1.328189099
28609,1.341105239
28641,1.327377886
28673,1.334545437
28705,1.337742234
28737,1.335205772
28769,1.309571078
28801,1.337580336
28833,1.360994511
28865,1.367047940
28897,1.347337525
28929,1.353716718
28961,1.362444019
28993,1.361363484
29025,1.363109643
29057,1.362324501
29089,1.385968088
29121,1.378651770
29153,1.390279214
29185,1.432207376
29217,1.398461686
29249,1.392473534
29281,1.383433385
29313,1.400332562
29345,1.399301588
29377,1.392354644
29409,1.446890313
29441,1.434844249
29473,1.411241040
29505,1.433377188
29537,1.456458887
29569,1.435458558
29601,1.461559332
29633,1.444901495
29665,1.444579378
29697,1.466757138
29729,1.456507063
29761,1.491944978
29793,1.492401781
29825,1.470775705
29857,1.465045706
29889,1.438735085
29921,1.452249431
29953,1.438001893
29985,1.455348763
30017,1.459597552
30049,1.479956698
30081,1.468231218
30113,1.515680682
30145,1.483698575
30177,1.476066643
30209,1.485336279
30241,1.489516467
30273,1.512869517
30305,1.477134477
30337,1.526141510
30369,1.547437787
30401,1.539232488
30433,1.522034804
30465,1.501328840
30497,1.516512256
30529,1.512324824
30561,1.520716010
30593,1.538948281
30625,1.535283707
30657,1.518605919
30689,1.517930359
30721,1.524064459
30753,1.498574988
30785,1.515187921
30817,1.529871720
30849,1.542511746
30881,1.572147910
30913,1.603510433
30945,1.562688305
30977,1.579114944
31009,1.618234559
31041,1.609546005
31073,1.552732169
31105,1.555765072
31137,1.583360523
31169,1.578156140
31201,1.576281955
31233,1.573764914
31265,1.565939790
31297,1.588190377
31329,1.578264550
31361,1.571454569
31393,1.577390616
31425,1.571125990
31457,1.593638980
31489,1.633078678
31521,1.600040201
31553,1.601498905
31585,1.636347260
31617,1.612385858
31649,1.614852294
31681,1.615402689
31713,1.624400790
31745,1.634215463
31777,1.603725516
31809,1.627150726
31841,1.638898071
31873,1.630116136
31905,1.618874383
31937,1.630924072
31969,1.660146760
32001,1.646609310
32033,1.662746785
32065,1.663857456
32097,1.640238029
32129,1.659838314
32161,1.682079211
32193,1.690574099
32225,1.715333283
32257,1.687020922
32289,1.674950410
32321,1.676291622
32353,1.675676843
32385,1.674183354
32417,1.684759694
32449,1.702657740
32481,1.702025050
32513,1.746276702
32545,1.784144429
32577,1.740104465
32609,1.717878486
32641,1.751222009
32673,1.717415656
32705,1.743665527
32737,1.825858288
32769,1.805132676
32801,1.760349005
32833,1.750437066
32865,1.759565151
32897,1.744079068
32929,1.748269045
32961,1.757696242
32993,1.738091292
33025,1.757415144
33057,1.745040068
33089,1.750494139
33121,1.762679128
33153,1.761371031
33185,1.766505718
33217,1.769160487
33249,1.778018597
33281,1.776818431
33313,1.777344284
33345,1.796468844
33377,1.786986651
33409,1.790652391
33441,1.789550116
33473,1.856962555
33505,1.856995322
33537,1.814471319
33569,1.821473198
33601,1.825786155
33633,1.836305674
33665,1.855984609
33697,1.932023126
33729,1.888438980
33761,1.849373806
33793,1.836656786
33825,1.861192558
33857,1.874516210
33889,1.868261175
33921,1.883016853
33953,1.840794292
33985,1.902052448
34017,1.927706823
34049,1.882200424
34081,1.873610053
34113,1.897471376
34145,1.910899869
34177,1.934226595
34209,1.912209389
34241,1.912995636
34273,1.915632834
34305,1.904797476
34337,1.897988276
34369,1.922868811
34401,1.930792909
34433,2.000666783
34465,1.920895501
34497,1.903902762
34529,1.939714983
34561,1.933764252
34593,1.936014426
34625,1.912222709
34657,1.936038752
34689,1.941853867
34721,1.954596790
34753,1.948435798
34785,1.951069025
34817,2.026074828
34849,2.041261960
34881,1.986490447
34913,1.962379577
34945,1.961733277
34977,1.981363591
35009,2.004127250
35041,1.985277811
35073,1.977348437
35105,1.998582520
35137,1.994173277
35169,2.003522721
35201,1.995544658
35233,1.994483394
35265,2.016888509
35297,2.001584050
35329,1.995743011
35361,1.988942750
35393,2.002402393
35425,2.030825118
35457,2.028819912
35489,2.019715266
35521,2.016366284
35553,2.061139537
35585,2.040132154
35617,2.046183160
35649,2.072486161
35681,2.094077727
35713,2.083516443
35745,2.038558614
35777,2.065209408
35809,2.119362408
35841,2.129037966
35873,2.131495032
35905,2.123106143
35937,2.091122434
35969,2.133587189
36001,2.156665451
36033,2.125491712
36065,2.089214483
36097,2.124849309
36129,2.092523956
36161,2.087952642
36193,2.130045282
36225,2.182861126
36257,2.184213799
36289,2.192126028
36321,2.172023635
36353,2.155130099
36385,2.177857877
36417,2.173315392
36449,2.184293876
36481,2.177469955
36513,2.184525784
36545,2.222217213
36577,2.214058767
36609,2.187235659
36641,2.171659808
36673,2.265459020
36705,2.275108148
36737,2.246436827
36769,2.236412520
36801,2.229270626
36833,2.242855639
36865,2.262754825
36897,2.205276004
36929,2.259121779
36961,2.259114266
36993,2.276702414
37025,2.271554394
37057,2.269280366
37089,2.317727247
37121,2.286012353
37153,2.300142912
37185,2.239752498
37217,2.219661517
37249,2.237663800
37281,2.223690897
37313,2.272630526
37345,2.267012529
37377,2.239175219
37409,2.300783911
37441,2.261206106
37473,2.265754676
37505,2.250474969
37537,2.328427238
37569,2.338107627
37601,2.295191694
37633,2.285176707
37665,2.269985081
37697,2.273925985
37729,2.279398104
37761,2.307383033
37793,2.291192445
37825,2.320559308
37857,2.328800061
37889,2.355245840
37921,2.321459251
37953,2.388377953
37985,2.357796303
38017,2.382408321
38049,2.342958259
38081,2.346720239
38113,2.363406819
38145,2.365919564
38177,2.353786584
38209,2.372268283
38241,2.414956358
38273,2.373141058
38305,2.388709833
38337,2.437898362
38369,2.462310099
38401,2.450225489
38433,2.417888598
38465,2.429875302
38497,2.446937935
38529,2.463196818
38561,2.478772233
38593,2.482161520
38625,2.467316369
38657,2.461468480
38689,2.459605306
38721,2.458811085
38753,2.451086675
38785,2.432869315
38817,2.444796558
38849,2.464653394
38881,2.466128538
38913,2.463328114
38945,2.481903643
38977,2.471141499
39009,2.543636483
39041,2.544311038
39073,2.570076239
39105,2.487493757
39137,2.477912415
39169,2.492250527
39201,2.457572470
39233,2.450492327
39265,2.466624199
39297,2.466994781
39329,2.482327153
39361,2.461480844
39393,2.493174183
39425,2.483861156
39457,2.492311340
39489,2.494560363
39521,2.512242201
39553,2.503643062
39585,2.520715255
39617,2.520598412
39649,2.546054779
39681,2.526517994
39713,2.526625854
39745,2.521629565
39777,2.537329262
39809,2.564408008
39841,2.556090081
39873,2.553879424
39905,2.647507706
39937,2.579498262
39969,2.561426874
40001,2.566379859
40033,2.557810489
40065,2.553080544
40097,2.563108055
40129,2.636513348
40161,2.655084607
40193,2.683977933
40225,2.728795891
40257,2.721695537
40289,2.674211505
40321,2.628147471
40353,2.628953618
40385,2.636042387
40417,2.626697279
40449,2.643297265
40481,2.634477573
40513,2.645608738
40545,2.648196796
40577,2.626361975
40609,2.635645729
40641,2.640074628
40673,2.648195928
40705,2.657317960
40737,2.680129187
40769,2.678214653
40801,2.662284670
40833,2.644811060
40865,2.664564893
40897,2.653603127
40929,2.666588512
40961,2.697468941
40993,2.699117728
41025,2.711344785
41057,2.713773490
41089,2.717685333
41121,2.719614223
41153,2.756759872
41185,2.733483836
41217,2.737834154
41249,2.746594471
41281,2.760106254
41313,2.742753884
41345,2.864913737
41377,2.809950092
41409,2.763096100
41441,2.761513430
41473,2.758347553
41505,2.761756529
41537,2.764622790
41569,2.785133881
41601,2.796305065
41633,2.786936387
41665,2.793243048
41697,2.818775355
41729,2.802382187
41761,2.808821849
41793,2.807007087
41825,2.826317064
41857,2.836525897
41889,2.831914064
41921,2.851409863
41953,2.829575863
41985,2.840294173
42017,2.849422865
42049,2.860280246
42081,2.828215171
42113,2.846375136
42145,2.875933899
42177,2.869795657
42209,2.873104694
42241,2.877134956
42273,2.904609697
42305,2.864180977
42337,2.887644691
42369,2.905503712
42401,2.892586083
42433,2.893248290
42465,2.916836555
42497,2.909860254
42529,2.922248253
42561,2.962545357
42593,2.933560488
42625,2.954837797
42657,2.910884738
42689,3.019611895
42721,3.007453827
42753,2.948600400
42785,2.933127683
42817,2.946701504
42849,2.944013273
42881,2.953973724
42913,2.967195872
42945,2.956090255
42977,2.968392343
43009,2.973876083
43041,2.979924119
43073,3.017416572
43105,2.979580103
43137,2.984467797
43169,3.013156070
43201,2.997937375
43233,3.040853029
43265,3.074426007
43297,3.053970304
43329,3.060905921
43361,3.057558392
43393,3.062858910
43425,3.075757754
43457,3.078847267
43489,3.089148982
43521,3.094659974
43553,3.107462437
43585,3.107428355
43617,3.108031229
43649,3.111666769
43681,3.110364624
43713,3.111051320
43745,3.127929939
43777,3.106611687
43809,3.124740300
43841,3.136146087
43873,3.132846568
43905,3.157970761
43937,3.166299704
43969,3.236391753
44001,3.145544996
44033,3.116735909
44065,3.145891907
44097,3.151906754
44129,3.117279821
44161,3.156426951
44193,3.152001180
44225,3.139838082
44257,3.149209176
44289,3.166705842
44321,3.150434887
44353,3.179891109
44385,3.147809614
44417,3.158537865
44449,3.178839032
44481,3.178174464
44513,3.215491264
44545,3.187388046
44577,3.179539436
44609,3.193344999
44641,3.197083200
44673,3.222886570
44705,3.215088691
44737,3.206703905
44769,3.255416093
44801,3.240292841
44833,3.217714166
44865,3.219889528
44897,3.230188554
44929,3.205636935
44961,3.240925022
44993,3.250764762
45025,3.250174884
45057,3.267290226
45089,3.291366936
45121,3.276771550
45153,3.340714360
45185,3.389252876
45217,3.297900894
45249,3.319483417
45281,3.309234780
45313,3.325719164
45345,3.297995900
45377,3.291621648
45409,3.320172379
45441,3.351987566
45473,3.338007758
45505,3.335767021
45537,3.348614654
45569,3.342207030
45601,3.351289432
45633,3.351676105
45665,3.375764435
45697,3.374212106
45729,3.388101312
45761,3.374422457
45793,3.342343474
45825,3.371884526
45857,3.388419701
45889,3.410634400
45921,3.404015194
45953,3.417146732
45985,3.400767585
46017,3.399471159
46049,3.401381871
46081,3.422376186
46113,3.450636002
46145,3.421863889
46177,3.446734517
46209,3.429229048
46241,3.447857008
46273,3.431506862
46305,3.548593810
46337,3.532149593
46369,3.461074411
46401,3.461064610
46433,3.473448549
46465,3.491301229
46497,3.503049880
46529,3.485850376
46561,3.492187166
46593,3.488148209
46625,3.500390556
46657,3.543789384
46689,3.536522700
46721,3.536162836
46753,3.529375008
46785,3.577656270
46817,3.550918808
46849,3.558044068
46881,3.562033922
46913,3.590706203
46945,3.543419411
46977,3.566815643
47009,3.556461705
47041,3.601542581
47073,3.561562800
47105,3.540250549
47137,3.588991287
47169,3.576400644
47201,3.584895788
47233,3.547777880
47265,3.595986082
47297,3.606219756
47329,3.621435416
47361,3.629511776
47393,3.704612451
47425,3.656900323
47457,3.653954829
47489,3.629877957
47521,3.647126910
47553,3.603162635
47585,3.631913448
47617,3.677127674
47649,3.642234732
47681,3.679001374
47713,3.679932523
47745,3.654909411
47777,3.646195483
47809,3.634766463
47841,3.661925637
47873,3.683840834
47905,3.683344207
47937,3.666864521
47969,3.688902688
48001,3.694245777
48033,3.678021384
48065,3.714418702
48097,3.700119091
48129,3.730668853
48161,3.762746363
48193,3.748005356
48225,3.753525778
48257,3.741668544
48289,3.764324987
48321,3.772214415
48353,3.747335584
48385,3.782823743
48417,3.779928119
48449,3.904580771
48481,3.802114617
48513,3.779177869
48545,3.777978005
48577,3.768433216
48609,3.798439823
48641,3.783228511
48673,3.810535597
48705,3.796187655
48737,3.820294916
48769,3.782909914
48801,3.820814090
48833,3.821354825
48865,3.848383899
48897,3.850158067
48929,3.838883700
48961,3.823723609
48993,3.846592315
49025,3.823656056
49057,3.858121894
49089,3.858433056
49121,3.885835373
49153,3.882380834
49185,3.943382189
49217,3.919956735
49249,3.926084893
49281,3.922187539
49313,3.905914725
49345,3.902439045
49377,3.924211609
49409,3.928863291
49441,4.027568759
49473,3.958398512
49505,3.918529962
49537,3.939540339
49569,3.935607083
49601,3.957884572
49633,3.971612717
49665,3.950345527
49697,3.973925911
49729,3.929322879
49761,3.966724949
49793,3.987934506
49825,3.953185265
49857,4.038037298
49889,4.016004301
49921,4.003283146
49953,3.965659593
49985,4.008226141
50017,4.012503208
50049,3.988410737
50081,4.022396159
50113,3.994011929
50145,4.039591350
50177,4.056115495
50209,4.060580494
50241,4.171961485
50273,4.095816110
50305,4.029220851
50337,4.053146149
50369,4.049712800
50401,4.020370599
50433,4.024854949
50465,4.030848587
50497,4.060428368
50529,4.063449910
50561,4.061601919
50593,4.066008549
50625,4.084882060
50657,4.086352450
50689,4.076365884
50721,4.086048964
50753,4.115843270
50785,4.110345230
50817,4.124664982
50849,4.180049061
50881,4.108802530
50913,4.171839985
50945,4.150064444
50977,4.171231082
51009,4.172621271
51041,4.184667747
51073,4.152916505
51105,4.187088269
51137,4.199222336
51169,4.195217154
51201,4.172192009
51233,4.209544377
51265,4.236286538
51297,4.270288389
51329,4.310432089
51361,4.303372701
51393,4.218749801
51425,4.258994932
51457,4.269575162
51489,4.254709819
51521,4.253869490
51553,4.258989291
51585,4.271797105
51617,4.295499212
51649,4.297752279
51681,4.311967930
51713,4.292749668
51745,4.316300491
51777,4.339573494
51809,4.299883533
51841,4.311284153
51873,4.295499129
51905,4.317737488
51937,4.348566554
51969,4.340016850
52001,4.356621768
52033,4.341836015
52065,4.320610579
52097,4.325898902
52129,4.350506317
52161,4.356430845
52193,4.404111159
52225,4.489593275
52257,4.443996038
52289,4.371721443
52321,4.402940584
52353,4.385217907
52385,4.401077596
52417,4.414182734
52449,4.496412574
52481,4.448061356
52513,4.415128240
52545,4.415664908
52577,4.450103224
52609,4.443555723
52641,4.397127666
52673,4.481840024
52705,4.480453709
52737,4.473363353
52769,4.454667415
52801,4.467689373
52833,4.503702086
52865,4.515337238
52897,4.585005317
52929,4.574649373
52961,4.516553916
52993,4.538910478
53025,4.530739518
53057,4.606694227
53089,4.652019515
53121,4.594863399
53153,4.544469718
53185,4.564193949
53217,4.554464603
53249,4.534932605
53281,4.574307657
53313,4.618197209
53345,4.621344556
53377,4.593285754
53409,4.635209764
53441,4.590377344
53473,4.594764814
53505,4.619887907
53537,4.613914572
53569,4.650021446
53601,4.716724513
53633,4.716960627
53665,4.614732427
53697,4.676780012
53729,4.712311889
53761,4.724039822
53793,4.701606892
53825,4.717183639
53857,4.664043096
53889,4.699315512
53921,4.766846327
53953,4.710999894
53985,4.681282364
54017,4.725514749
54049,4.739595228
54081,4.722005722
54113,4.713719912
54145,4.762256025
54177,4.764061277
54209,4.798392012
54241,4.782133411
54273,4.798437935
54305,4.774556709
54337,4.803150750
54369,4.778700158
54401,4.805197816
54433,4.820259555
54465,4.837544009
54497,4.830583793
54529,4.842676969
54561,4.810248028
54593,4.744722006
54625,4.789938683
54657,4.856601689
54689,4.889993894
54721,4.951499624
54753,4.930477579
54785,4.910250105
54817,4.898601585
54849,4.889830138
54881,4.911923546
54913,4.926495720
54945,4.927707276
54977,4.901024928
55009,4.909109539
55041,4.832395962
55073,4.877237965
55105,4.870133317
55137,4.886654802
55169,4.920264569
55201,4.925892643
55233,4.906598058
55265,4.938822170
55297,4.918987188
55329,4.936918411
55361,4.972521990
55393,4.938126785
55425,4.929297768
55457,4.953956965
55489,4.968810452
55521,5.118194435
55553,4.973423275
55585,4.971537726
55617,4.960691105
55649,5.000864355
55681,4.986036120
55713,5.018533844
55745,4.972232918
55777,5.005385649
55809,4.974493585
55841,5.014634315
55873,5.074900360
55905,5.011754793
55937,5.066256424
55969,5.036505383
56001,5.023298146
56033,5.041799553
56065,5.043302171
56097,5.061492356
56129,5.060386314
56161,5.127186712
56193,5.086616999
56225,5.152456567
56257,5.158503665
56289,5.248016598
56321,5.114916799
56353,5.101781843
56385,5.120277901
56417,5.178515723
56449,5.101692894
56481,5.162372135
56513,5.125358161
56545,5.126100859
56577,5.177897730
56609,5.116972689
56641,5.139827305
56673,5.195933784
56705,5.236666302
56737,5.176456868
56769,5.202294597
56801,5.222890958
56833,5.158385968
56865,5.225148405
56897,5.213078121
56929,5.233025975
56961,5.242235839
56993,5.302893419
57025,5.399301888
57057,5.234085159
57089,5.288542829
57121,5.269061523
57153,5.302659379
57185,5.249104290
57217,5.262493841
57249,5.301216125
57281,5.292274405
57313,5.292984744
57345,5.316798140
57377,5.291543889
57409,5.275255157
57441,5.260793757
57473,5.304032590
57505,5.307240776
57537,5.361059041
57569,5.280917733
57601,5.297192777
57633,5.353295225
57665,5.346956474
57697,5.345389778
57729,5.383899729
57761,5.536226925
57793,5.369279966
57825,5.328847745
57857,5.362751463
57889,5.377509581
57921,5.378470302
57953,5.388244631
57985,5.374500248
58017,5.383715713
58049,5.372647358
58081,5.472668889
58113,5.417367500
58145,5.415773813
58177,5.393149030
58209,5.402561796
58241,5.418038209
58273,5.414364869
58305,5.410411755
58337,5.453888482
58369,5.449471013
58401,5.459299115
58433,5.473842777
58465,5.644688420
58497,5.498087910
58529,5.479792415
58561,5.467794211
58593,5.455674897
58625,5.507267904
58657,5.471758127
58689,5.493708423
58721,5.535399261
58753,5.528721006
58785,5.537655217
58817,5.539615540
58849,5.560989589
58881,5.581429999
58913,5.579155923
58945,5.550880237
58977,5.561026451
59009,5.581734723
59041,5.553096524
59073,5.574126678
59105,5.591870848
59137,5.630419839
59169,5.767224782
59201,5.579848615
59233,5.591546586
59265,5.612777903
59297,5.627984205
59329,5.618363347
59361,5.652070575
59393,5.649312015
59425,5.639123351
59457,5.689854729
59489,5.708102975
59521,5.681408305
59553,5.694935307
59585,5.710379391
59617,5.655623357
59649,5.666254377
59681,5.736399123
59713,5.718760955
59745,5.713031852
59777,5.705954493
59809,5.787564027
59841,5.908808206
59873,5.756841404
59905,5.769140932
59937,5.753911672
59969,5.786841911
60001,5.752557867
60033,5.722999816
60065,5.769666620
60097,5.797808345
60129,5.803064315
60161,5.817809620
60193,5.779918136
60225,5.793754300
60257,5.825472296
60289,5.824634707
60321,5.859208456
60353,5.786130516
60385,5.827188857
60417,5.859013994
60449,5.867885812
60481,5.915812910
60513,6.050426979
60545,5.862528804
60577,5.862746476
60609,5.888444805
60641,5.859825354
60673,5.901890946
60705,5.895054220
60737,5.907387488
60769,5.922229844
60801,5.982946245
60833,5.931749592
60865,5.955407657
60897,5.952707636
60929,5.954633598
60961,5.964336218
60993,5.969988111
61025,5.997631051
61057,5.948504321
61089,5.942456273
61121,5.996761132
61153,6.214626133
61185,6.095754071
61217,6.009771979
61249,5.991988959
61281,6.003322196
61313,6.044336396
61345,6.049585795
61377,6.075394305
61409,6.084682748
61441,6.103993635
61473,6.045481089
61505,6.112979147
61537,6.265432255
61569,6.074155782
61601,6.120071756
61633,6.051248416
61665,6.138322172
61697,6.117807580
61729,6.103099268
61761,6.140288354
61793,6.130001419
61825,6.132493077
61857,6.154642475
61889,6.130012610
61921,6.152464961
61953,6.181893511
61985,6.179126260
62017,6.155108762
62049,6.117630502
62081,6.217256398
62113,6.128831507
62145,6.198446998
62177,6.185352211
62209,6.211250811
62241,6.230994283
62273,6.203142720
62305,6.235462813
62337,6.229572027
62369,6.278023060
62401,6.328349455
62433,6.377585856
62465,6.268235840
62497,6.249015396
62529,6.258381001
62561,6.255321437
62593,6.285622426
62625,6.297413678
62657,6.285704007
62689,6.336413516
62721,6.312799321
62753,6.329418498
62785,6.343670058
62817,6.335197482
62849,6.354494519
62881,6.371909804
62913,6.352773410
62945,6.331101247
62977,6.342348443
63009,6.446071946
63041,6.589071129
63073,6.401110672
63105,6.410367716
63137,6.396546172
63169,6.405051382
63201,6.436389985
63233,6.426101181
63265,6.386065026
63297,6.445839979
63329,6.480673076
63361,6.484333496
63393,6.414931180
63425,6.407291663
63457,6.451730904
63489,6.466738068
63521,6.450671597
63553,6.528632329
63585,6.481958765
63617,6.594352423
63649,6.526128961
63681,6.501302776
63713,6.488241570
63745,6.528630961
63777,6.540171501
63809,6.538400460
63841,6.507709079
63873,6.550365645
63905,6.584423749
63937,6.575475642
63969,6.573100293
64001,6.569171989
64033,6.583920899
64065,6.581618214
64097,6.590508870
64129,6.659997837
64161,6.612432664
64193,6.671490414
64225,6.771073471
64257,6.613328858
64289,6.615763427
64321,6.629456631
64353,6.671790932
64385,6.643551270
64417,6.625314881
64449,6.630552774
64481,6.665560795
64513,6.621259050
64545,6.674583992
64577,6.676972193
64609,6.732438202
64641,6.681293787
64673,6.670327783
64705,6.716844921
64737,6.674598834
64769,6.745873843
64801,6.906939774
64833,6.754478219
64865,6.731171274
64897,6.791520684
64929,6.764789813
64961,6.718658941
64993,6.776043841
65025,6.746214964
65057,6.805149870
65089,6.761554351
65121,6.794794588
65153,6.793422664
65185,6.790109382
65217,6.819293828
65249,6.792941787
65281,6.812257208
65313,6.823106452
65345,6.862932195
65377,6.929276778
65409,6.874167769
65441,6.829584825
65473,6.855076459
65505,6.911308304
